FRAN 305,Communication Orale
GEOL 210,Introduction To The Earth
MAST 217,Intro/Mathematical Thinking
MAST 219,Multivariable Calculus Ii
MECH 211,Mechanical Engr. Drawing
GEOL 208,"The Earth, Moon And Planets"
MATH 252,Linear Algebra Ii
MATH 365,Analysis Ii
STAT 249,Probability I
MATH 366,Complex Analysis I
MATH 369,Abstract Algebra I
MATH 392,Elementary Number Theory
MATH 475,Discrete Dynamical Systems
MATH 252,Linear Algebra Ii
MATH 467,Measure Theory
MATH 470,Abstract Algebra Ii
MATH 494,Set Theory
MATH 354,Numerical Analysis
MATH 370,Ordinary Differential Equat.
MATH 464,Real Analysis
MATH 494,Algebraic Number Theory
MATH 457,Honours Algebra 4
MATH 494,Random Matrices
